Unnamed: 0,pH,ionic,fasta,temp,csat_exp,csat_C2,csat_C2_err,csat_CALVADOSCOM
LAF1,7.5,0.15,MESNQSNNGGSGNAALNRGGRYVPPHLRGGDGGAAAAASAGGDDRRGGAGGGGYRRGGGNSGGGGGGGYDRGYNDNRDDRDNRGGSGGYGRDRNYEDRGYNGGGGGGGNRGYNNNRGGGGGGYNRQDRGDGGSSNFSRGGYNNRDEGSDNRGSGRSYNNDRRDNGGDGLEHHHHHH,293.0,0.044,0.098100162125133,0.0132570448285743,0.09789346403809263
LAF1D2130,7.5,0.15,MESNQSNNGGSGNAALNRGGDGGAAAAASAGGDDRRGGAGGGGYRRGGGNSGGGGGGGYDRGYNDNRDDRDNRGGSGGYGRDRNYEDRGYNGGGGGGGNRGYNNNRGGGGGGYNRQDRGDGGSSNFSRGGYNNRDEGSDNRGSGRSYNNDRRDNGGDGLEHHHHHH,293.0,0.275,0.222046071717113,0.0177010425270351,0.16986757113840267
LAF1shuf,7.5,0.15,MNNSGDNDRGSGNYGLRNSFGDDGYGDNGNDEGNSGYRNRGLGGDRADEYGNSGGNGDNEAAPNASDRDDAHYYDSDDYDDGGGGRGSGGAGGGGARGPGSNRAGRYGGGGRRGRGRGNGYNGNRSQRRRGGGRGRGNRGYRVGNGNGQSGGRNSRGGGGGNGGANYGLEHHHHHH,293.0,0.006,0.0102342361762628,0.0031380445704328,0.006551895368327573
A1S150,7.0,0.15,GSMASASSSQRGRSGSGNFGGGRGGGFGGNDNFGRGGNFSGRGGFGGSRGGGGYGGSGDGYNGFGNDGSNFGGGGNYNNQSSNFGPMKGGNFGGRSSGPYGGGGQYFAKPRNQGGYGGSSSSSSYGSGRRF,293.0,0.21806,0.497399109247983,0.0308355798225103,0.36538204264449226
A1S200,7.0,0.2,GSMASASSSQRGRSGSGNFGGGRGGGFGGNDNFGRGGNFSGRGGFGGSRGGGGYGGSGDGYNGFGNDGSNFGGGGNYNNQSSNFGPMKGGNFGGRSSGPYGGGGQYFAKPRNQGGYGGSSSSSSYGSGRRF,293.0,0.15976,0.228278799939081,0.0150109771114022,0.1434101925118412
A1S300,7.0,0.3,GSMASASSSQRGRSGSGNFGGGRGGGFGGNDNFGRGGNFSGRGGFGGSRGGGGYGGSGDGYNGFGNDGSNFGGGGNYNNQSSNFGPMKGGNFGGRSSGPYGGGGQYFAKPRNQGGYGGSSSSSSYGSGRRF,293.0,0.09338,0.10023786277947,0.0093981954835477,0.07212652181878453
A1S500,7.0,0.5,GSMASASSSQRGRSGSGNFGGGRGGGFGGNDNFGRGGNFSGRGGFGGSRGGGGYGGSGDGYNGFGNDGSNFGGGGNYNNQSSNFGPMKGGNFGGRSSGPYGGGGQYFAKPRNQGGYGGSSSSSSYGSGRRF,293.0,0.06646,0.0562177493112702,0.0051566417554331,0.023750913818777628
M12FP12Y,7.0,0.15,GSMASASSSQRGRSGSGNYGGGRGGGYGGNDNYGRGGNYSGRGGYGGSRGGGGYGGSGDGYNGYGNDGSNYGGGGSYNDYGNYNNQSSNYGPMKGGNYGGRSSGGSGGGGQYYAKPRNQGGYGGSSSSSSYGSGRRY,293.0,0.0602666666666667,0.0811102895962785,0.0106177996569598,0.04814841460107715
P4D,7.0,0.15,GSMASASSSQRDRSGSGNFGGGRGGGFGGNDNFGRGGNFSGRGDFGGSRGGGGYGGSGDGYNGFGNDGSNFGGGGSYNDFGNYNNQSSNFGPMKGGNFGGRSSDPYGGGGQYFAKPRNQGGYGGSSSSSSYDSGRRF,277.0,0.00446,0.0066303201964909,0.0022160522616862,0.002970599702051556
M6R,7.0,0.15,GSMASASSSQGGRSGSGNFGGGRGGGFGGNDNFGGGGNFSGSGGFGGSRGGGGYGGSGDGYNGFGNDGSNFGGGGSYNDFGNYNNQSSNFGPMKGGNFGGSSSGPYGGGGQYFAKPGNQGGYGGSSSSSSYGSGGRF,277.0,0.007131,0.0102430307230566,0.0029926405684374,0.004320512391898513
A1,7.0,0.15,GSMASASSSQRGRSGSGNFGGGRGGGFGGNDNFGRGGNFSGRGGFGGSRGGGGYGGSGDGYNGFGNDGSNFGGGGSYNDFGNYNNQSSNFGPMKGGNFGGRSSGGSGGGGQYFAKPRNQGGYGGSSSSSSYGSGRRF,293.0,0.1022,0.23434040970543,0.0219733973362809,0.14896178176831648
P2R,7.0,0.15,GSMASASSSQRGRSGSGNFGGGRGGGFGGNDNFGRGGNFSGRGGFGGSRGGGGYGGSGDGYNGFRNDGSNFGGGGRYNDFGNYNNQSSNFGPMKGGNFGGRSSGPYGGGGQYFAKPRNQGGYGGSSSSSSYGSGRRF,277.0,0.018,0.046327639912704,0.005770134552548,0.03351720139083751
P8D,7.0,0.15,GSMASASSSQRDRSGSGNFGGGRDGGFGGNDNFGRGDNFSGRGDFGGSRDGGGYGGSGDGYNGFGNDGSNFGGGGSYNDFGNYNNQSSNFGPMKGGNFGGRSSDPYGGGGQYFAKPRNQDGYGGSSSSSSYDSGRRF,277.0,0.0186801,0.0103744537039445,0.002330282975045,0.01485104372097091
M14NP14Q,7.0,0.15,GSMASASSSQRGRSGSGQFGGGRGGGFGGQDQFGRGGQFSGRGGFGGSRGGGGYGGSGDGYQGFGQDGSQFGGGGSYQDFGQYQQQSSQFGPMKGGQFGGRSSGGSGGGGQYFAKPRQQGGYGGSSSSSSYGSGRRF,293.0,0.1716,0.185003961991017,0.0195867609405876,0.1495431257542736
M10GP10S,7.0,0.15,GSMASASSSQRSRSGSGNFGGGRSGGFGGNDNFGRSGNFSGRGGFGGSRGGGGYGGSGDSYNGFGNDGSNFGGSGSYNDFGNYNNQSSNFGPMKSGNFGGRSSGSSGGSGQYFAKPRNQGSYSGSSSSSSYGSGRRF,293.0,0.2681,0.30798995943047,0.023838308948714,0.2584924051608092
P7FM7Y,7.0,0.15,GSMASASSSQRGRSGSGNFGGGRGGGFGGNDNFGRGGNFSGRGGFGGSRGGGGFGGSGDGFNGFGNDGSNFGGGGSFNDFGNFNNQSSNFGPMKGGNFGGRSSGGSGGGGQFFAKPRNQGGFGGSSSSSSFGSGRRF,293.0,0.209033333333333,0.441313706453979,0.0269785366732981,0.20741224891923118
M20GP20S,7.0,0.15,GSMASASSSQRSRSGSGNFSGSRSGSFSGNDNFGRSGNFSGRSGFGGSRSGGGYSGSGDSYNSFGNDGSNFSGSGSYNDFGNYNNQSSNFGPMKSGNFGGRSSGSSGGSGQYFAKPRNQGSYSGSSSSSSYGSSRRF,293.0,0.469366666666667,0.379587337180016,0.0276136835987359,0.7384753579845474
M23SP23T,7.0,0.15,GSMATATTTQRGRTGTGNFGGGRGGGFGGNDNFGRGGNFTGRGGFGGTRGGGGYGGTGDGYNGFGNDGTNFGGGGTYNDFGNYNNQTTNFGPMKGGNFGGRTTGGTGGGGQYFAKPRNQGGYGGTTTTTTYGTGRRF,293.0,0.3422,0.366682541346946,0.0223095010208148,0.5452214480885098
M8FP4Y,7.0,0.15,GSMASASSSQRGRSGSGNFGGGRGGGYGGNDNGGRGGNYSGRGGFGGSRGGGGYGGSGDGYNGGGNDGSNYGGGGSYNDSGNYNNQSSNFGPMKGGNYGGRSSGGSGGGGQYGAKPRNQGGYGGSSSSSSYGSGRRF,277.0,0.06315,0.0379289124760843,0.0045747821424686,0.031226312491627578
M3RP3K,7.0,0.15,GSMASASSSQRGKSGSGNFGGGRGGGFGGNDNFGRGGNFSGRGGFGGSKGGGGYGGSGDGYNGFGNDGSNFGGGGSYNDFGNYNNQSSNFGPMKGGNFGGRSSGGSGGGGQYFAKPRNQGGYGGSSSSSSYGSGRKF,277.0,0.0831,0.0771655135092786,0.007612894363326,0.07468829314934936
M4D,7.0,0.15,GSMASASSSQRGRSGSGNFGGGRGGGFGGNGNFGRGGNFSGRGGFGGSRGGGGYGGSGGGYNGFGNSGSNFGGGGSYNGFGNYNNQSSNFGPMKGGNFGGRSSGPYGGGGQYFAKPRNQGGYGGSSSSSSYGSGRRF,277.0,0.08879,0.168527118583272,0.0165400015786545,0.11500285379071032
M9FP3Y,7.0,0.15,GSMASASSSQRGRSGSGNFGGGRGGGYGGNDNGGRGGNYSGRGGFGGSRGGGGYGGSGDGYNGGGNDGSNYGGGGSYNDSGNGNNQSSNFGPMKGGNYGGRSSGGSGGGGQYGAKPRNQGGYGGSSSSSSYGSGRRS,277.0,0.115,0.0957496117135477,0.0081344182545075,0.06803671889409021
P23GM23S,7.0,0.15,GSMAGAGGGQRGRGGGGNFGGGRGGGFGGNDNFGRGGNFGGRGGFGGGRGGGGYGGGGDGYNGFGNDGGNFGGGGGYNDFGNYNNQGGNFGPMKGGNFGGRGGGGGGGGGQYFAKPRNQGGYGGGGGGGGYGGGRRF,293.0,0.0461,0.0392668123722584,0.0068456919953359,0.01465199604761702
P23GM23SP7FM7Y,7.0,0.15,GSMAGAGGGQRGRGGGGNFGGGRGGGFGGNDNFGRGGNFGGRGGFGGGRGGGGFGGGGDGFNGFGNDGGNFGGGGGFNDFGNFNNQGGNFGPMKGGNFGGRGGGGGGGGGQFFAKPRNQGGFGGGGGGGGFGGGRRF,293.0,0.194033333333333,0.0505944091719685,0.0068643240289958,0.033149887315039005
P23GM23SM12FP12Y,7.0,0.15,GSMAGAGGGQRGRGGGGNYGGGRGGGYGGNDNYGRGGNYGGRGGYGGGRGGGGYGGGGDGYNGYGNDGGNYGGGGGYNDYGNYNNQGGNYGPMKGGNYGGRGGGGGGGGGQYYAKPRNQGGYGGGGGGGGYGGGRRY,293.0,0.0065333333333333,0.0128389629851933,0.0036179129974689,0.0017514935517015978
M30GP30S,7.0,0.15,GSMASASSSQRSRSSSGNFSGSRSGSFSGNDNFGRSGNFSGRSGFSGSRSGSGYSGSSDSYNSFGNDSSNFSGSSSYNDFGNYNNQSSNFGPMKSGNFSGRSSSSSGSSGQYFAKPRNQGSYSGSSSSSSYSSSRRF,293.0,0.841833333333333,0.734070377603316,0.0483826941307119,1.5488384992182136
FUS,5.5,0.15,MASNDYTQQATQSYGAYPTQPGQGYSQQSSQPYGQQSYSGYSQSTDTSGYGQSSYSSYGQSQNTGYGTQSTPQGYGSTGGYGSSQSSQSSYGQQSSYPGYGQQPAPSSTSGSYGSSSQSSSYGQPQSGSYSQQPSYGGQQQSYGQQQSYNPPQGYGQQNQYNS,297.0,0.105,0.283474362341641,0.0135103105886485,0.7566826577452982
A2,5.5,0.01,GHMGRGGNFGFGDSRGGGGNFGPGPGSNFRGGSDGYGSGRGFGDGYNGYGGGPGGGNFGGSPGYGGGRGGYGGGGPGYGNQGGGYGGGYDNYGGGNYGSGNYNDFGNYNQQPSNYGPMKSGNFGGSRNMGGPYGGGNYGPGGSGGSGGYGGRSRY,297.0,0.015,0.0392032095445651,0.0049045559628411,0.024252692089952062
Ddx4WT,6.5,0.13,MGDEDWEAEINPHMSSYVPIFEKDRYSGENGDNFNRTPASSSEMDDGPSRRDHFMKSGFASGRNFGNRDAGECNKRDNTSTMGGFGVGKSFGNRGFSNSRFEDGDSSGFWRESSNDCEDNPTRNRGFSKRGGYRDGNNSEASGPYRRGGRGSFRGCRGGFGLGSPNNDLDPDECMQRTGGLFGSRRPVLSGTGNGDTSQSRSGSGSERGGYKGLNEEVITGSGKNSWKSEAEGGES,297.0,0.23,0.120057933401394,0.0072023410611567,0.21483524213095956
allF,7.0,0.15,GSMASASSSQRGRSGSGNFGGGRGGGFGGNDNFGRGGNFSGRGGFGGSRGGGGFGGSGDGFNGFGNDGSNFGGGGSFNDFGNFNNQSSNFGPMKGGNFGGRSSGPFGGGGQFFAKPRNQGGFGGSSSSSSFGSGRRF,293.0,0.25,0.267847742457762,0.0116643839815676,0.1933532340406046
allY,7.0,0.15,GSMASASSSQRGRSGSGNYGGGRGGGYGGNDNYGRGGNYSGRGGYGGSRGGGGYGGSGDGYNGYGNDGSNYGGGGSYNDYGNYNNQSSNYGPMKGGNYGGRSSGPYGGGGQYYAKPRNQGGYGGSSSSSSYGSGRRY,293.0,0.085,0.0408067716153718,0.0043568659990199,0.05759239086240162
allW,7.0,0.15,GSMASASSSQRGRSGSGNWGGGRGGGWGGNDNWGRGGNWSGRGGWGGSRGGGGWGGSGDGWNGWGNDGSNWGGGGSWNDWGNWNNQSSNWGPMKGGNWGGRSSGPWGGGGQWWAKPRNQGGWGGSSSSSSWGSGRRW,293.0,0.001,0.0128825177524945,0.0025104686950904,0.012526336422624946
